﻿Designator,Footprint,Quantity,Value,LCSC Part #
J1,PinSocket_2x10_P2.54mm_Horizontal,1,Conn_02x10_Odd_Even,
J2,IDC-Header_2x05_P2.54mm_Vertical,1,Conn_02x05_Odd_Even,
J3,PinHeader_2x05_P1.27mm_Vertical,1,Conn_02x05_Odd_Even,
J4,PinSocket_1x03_P2.54mm_Vertical,1,Conn_01x03,
J5,PinHeader_2x07_P1.27mm_Vertical,1,Conn_02x07_Odd_Even,
"J6, J7",PinHeader_2x01_P2.54mm_Vertical,2,Conn_02x02_Odd_Even,
"JP1, JP2",SolderJumper-3_P1.3mm_Bridged12_Pad1.0x1.5mm_NumberLabels,2,SolderJumper_3_Bridged12,
"JP3, JP6, JP7",PinHeader_1x03_P2.54mm_Vertical,3,Jumper_3_Bridged12,
"JP4, JP5, JP8",PinHeader_1x02_P2.54mm_Vertical,3,Jumper_2_Bridged,
